-- MySQL Script generated by MySQL Workbench
-- Wed Jan 11 15:41:12 2023
-- Model: New Model    Version: 1.0
-- MySQL Workbench Forward Engineering

DROP DATABASE IF EXISTS `trocket` ;

CREATE DATABASE trocket;

USE trocket;

-- -----------------------------------------------------
-- Table `trocket`.`Planets`
-- -----------------------------------------------------
CREATE TABLE IF NOT EXISTS `trocket`.`Planets` (
  `idPlanets` INT NOT NULL,
  `Name` VARCHAR(45) NOT NULL,
  `Picture` VARCHAR(1000) NOT NULL,
  PRIMARY KEY (`idPlanets`))
ENGINE = InnoDB;

INSERT INTO `Planets`(`idPlanets`, `Name`, `Picture`) VALUES (1, 'Mercure', 'https://e7.pngegg.com/pngimages/606/646/png-clipart-earth-planet-astronomical-object-mercury-outer-space-jupiter-atmosphere-sphere.png');
INSERT INTO `Planets`(`idPlanets`, `Name`, `Picture`) VALUES (2, 'Vénus', 'https://img2.freepng.fr/20180611/sjt/kisspng-earth-venus-planet-solar-system-night-sky-5b1e9670de5e77.8820750815287312489108.jpg');
INSERT INTO `Planets`(`idPlanets`, `Name`, `Picture`) VALUES (3, 'Terre', 'https://img2.freepng.fr/20180607/irg/kisspng-earth-stock-photography-planet-planete-5b19e451b856b0.9479699215284235057551.jpg');
INSERT INTO `Planets`(`idPlanets`, `Name`, `Picture`) VALUES (4, 'Mars', 'https://img2.freepng.fr/20180331/clw/kisspng-earth-planet-mars-mercury-jupiter-mars-5ac03a2eed5a06.4104645015225472469722.jpg');
INSERT INTO `Planets`(`idPlanets`, `Name`, `Picture`) VALUES (5, 'Jupiter', 'https://e7.pngegg.com/pngimages/966/345/png-clipart-planet-jupiter-saturn-planet-miscellaneous-sphere.png');
INSERT INTO `Planets`(`idPlanets`, `Name`, `Picture`) VALUES (6, 'Saturne', 'https://e7.pngegg.com/pngimages/738/618/png-clipart-benefic-planet-saturn-solar-system-planet-benefic-planet-saturn.png');
INSERT INTO `Planets`(`idPlanets`, `Name`, `Picture`) VALUES (7, 'Uranus', 'https://e1.pngegg.com/pngimages/981/42/png-clipart-systeme-solaire-terre-planete-neuf-planetes-planetes-au-dela-de-neptune-uranus-planete-de-glace-jupiter.png');
INSERT INTO `Planets`(`idPlanets`, `Name`, `Picture`) VALUES (8, 'Neptune', 'https://img2.freepng.fr/20180720/wqr/kisspng-neptune-planet-solar-system-uranus-venus-planetarium-5b51a3cf546e57.6580625915320770073458.jpg');


-- -----------------------------------------------------
-- Table `trocket`.`Company`
-- -----------------------------------------------------
CREATE TABLE IF NOT EXISTS `trocket`.`Company` (
  `idCompany` INT NOT NULL,
  `Email` VARCHAR(45) NOT NULL,
  `Password` VARCHAR(45) NOT NULL,
  `ConfirmPassword` VARCHAR(45) NOT NULL,
  `Name` VARCHAR(45) NOT NULL,
  PRIMARY KEY (`idCompany`))
ENGINE = InnoDB;

INSERT INTO `Company`(`idCompany`, `Email`, `Password`, `ConfirmPassword`, `Name`) VALUES (1, 'spacex@gmail.com', '123456', '123456', 'SpaceX' );
INSERT INTO `Company`(`idCompany`, `Email`, `Password`, `ConfirmPassword`, `Name`) VALUES (2, 'nasa@gmail.com', '123456', '123456', 'NASA' );
INSERT INTO `Company`(`idCompany`, `Email`, `Password`, `ConfirmPassword`, `Name`) VALUES (3, 'cnes@gmail.com', '123456', '123456', 'CNES' );
INSERT INTO `Company`(`idCompany`, `Email`, `Password`, `ConfirmPassword`, `Name`) VALUES (4, 'starwars@gmail.com', '123456', '123456', 'Star-Wars' );
INSERT INTO `Company`(`idCompany`, `Email`, `Password`, `ConfirmPassword`, `Name`) VALUES (5, 'buzzspace@gmail.com', '123456', '123456', 'Buzz-Space' );


-- -----------------------------------------------------
-- Table `trocket`.`Vessels`
-- -----------------------------------------------------
CREATE TABLE IF NOT EXISTS `trocket`.`Vessels` (
  `idVessels` INT NOT NULL,
  `Name` VARCHAR(45) NOT NULL,
  `Picture` VARCHAR(1000) NOT NULL,
  `Description` VARCHAR(1000) NOT NULL,
  `Places` VARCHAR(45) NOT NULL,
  `PriceWeek` VARCHAR(45) NOT NULL,
  `AssuranceDate` DATE NOT NULL,
  `ControlDate` VARCHAR(45) NOT NULL,
  `Planets_idPlanets` INT NOT NULL,
  `Company_idCompany` INT NOT NULL,
  PRIMARY KEY (`idVessels`))
ENGINE = InnoDB;

INSERT INTO `Vessels`(`idVessels`, `Name`, `Picture`, `Description`, `Places`, `PriceWeek`, `AssuranceDate`, `ControlDate`, `Planets_idPlanets`, `Company_idCompany`) VALUES (1, 'Falcon 9', 'https://img1.freepng.fr/20180409/qvw/kisspng-rocket-launch-spacecraft-buran-stock-photography-rockets-5acbece3c5ae92.5420553115233138918097.jpg', 'This spaceship is perfect for a trip with family or friends with its 8 bedrooms. You will have the comfort of a 5 star hotel. This comes at the cost of low speed but more time to enjoy the trip.', '8', '1 500', '2023-12-04', '2023-02-08', 6, 1);
INSERT INTO `Vessels`(`idVessels`, `Name`, `Picture`, `Description`, `Places`, `PriceWeek`, `AssuranceDate`, `ControlDate`, `Planets_idPlanets`, `Company_idCompany`) VALUES (2, 'Falcon Heavy', 'https://img2.freepng.fr/20180605/wai/kisspng-spacecraft-elyrian-brides-sancecrea-s-heart-ship-5b173a808779f0.6411407415282489605549.jpg', 'Fantastic ship, efficient and fast, it will allow you to travel safely. Discover a multitude of options on board, such as cruise control and take advantage of new generation mirrors.', '12', '2 100', '2023-08-14', '2024-01-01', 8, 2);
INSERT INTO `Vessels`(`idVessels`, `Name`, `Picture`, `Description`, `Places`, `PriceWeek`, `AssuranceDate`, `ControlDate`, `Planets_idPlanets`, `Company_idCompany`) VALUES (3, 'Dragon', 'https://img2.freepng.fr/20180606/zrj/kisspng-spacecraft-clip-art-space-ship-5b17f656c0f1c0.6020330415282970467903.jpg', 'Very fast ship to cross the solar system in duo. This very compact vessel has an advantage in terms of its lightness while allowing safe navigation.', '2', '1 000', '2023-06-17', '2023-07-28', 3, 4);
INSERT INTO `Vessels`(`idVessels`, `Name`, `Picture`, `Description`, `Places`, `PriceWeek`, `AssuranceDate`, `ControlDate`, `Planets_idPlanets`, `Company_idCompany`) VALUES (4, 'Starship', 'https://e7.pngegg.com/pngimages/955/376/png-clipart-star-citizen-wing-commander-vehicle-industry-spacecraft-star-citizen-spacecraft-vehicle.png', 'Fairly heavy and slow vehicle but can carry heavy loads. This utility is one of our best ships in terms of load. Enjoy the scenery aboard the Starship!', '25', '3 000', '2023-02-17', '2023-09-21', 1, 5);
INSERT INTO `Vessels`(`idVessels`, `Name`, `Picture`, `Description`, `Places`, `PriceWeek`, `AssuranceDate`, `ControlDate`, `Planets_idPlanets`, `Company_idCompany`) VALUES (5, 'Spaceflight', 'https://e1.pngegg.com/pngimages/402/945/png-clipart-helicoptere-vaisseau-spatial-art-conceptuel-vaisseau-spatial-conception-de-vaisseau-spatial-dessin-espace-science-fiction.png', 'Commercial vehicle is a vehicle capable of carrying out very different functions, generally for professional purposes.', '10', '2 000', '2023-04-11', '2023-05-11', 2, 3);





-- -----------------------------------------------------
-- Table `trocket`.`Users`
-- -----------------------------------------------------
CREATE TABLE IF NOT EXISTS `trocket`.`Users` (
  `idUsers` INT NOT NULL,
  `Email` VARCHAR(45) NOT NULL,
  `Password` VARCHAR(45) NOT NULL,
  PRIMARY KEY (`idUsers`))
ENGINE = InnoDB;

INSERT INTO `Users`(`idUsers`, `Email`, `Password`) VALUES (1, 'alain.villeneuve@email.f', '123456');
INSERT INTO `Users`(`idUsers`, `Email`, `Password`) VALUES (2, 'jules.simons@email.com', '123456');
INSERT INTO `Users`(`idUsers`, `Email`, `Password`) VALUES (3, 'leo.dupuis@gmail.com', '123456');